name,x,y,z
Perodicticus potto edwarsi,-382.132424841972,-687.1158373101888,73.7549
Perodicticus potto,-214.92325898923477,-216.44352633386123,73.7549
Nycticebus pygmaeus,-743.244314285885,194.0991906141855,73.7549
Nycticebus bengalensis,-1098.8204885617006,198.9590291077097,73.75489999999999
Nycticebus coucang,-1110.8169181876451,208.67739463097823,73.75489999999999
Nycticebus javanicus,-1108.29755124374,239.4981593204955,73.75489999999999
Nycticebus menagensis,-975.8220960830132,164.02492936911423,73.75489999999999
Loris lydekkerianus,-450.4976656032492,-449.37519085355257,73.7549
Loris tardigradus,-505.7618505464995,-413.8573053752745,73.7549
Galagoides demidoff,-1348.8344055845475,347.18819117273125,73.75489999999999
Galago moholi,-655.2419614258246,-130.500765922302,73.75486
Galago senegalensis,-678.1003427063367,-101.043179138285,73.75486
Otolemur garnettii,-350.0243923266295,99.89840625605548,73.75491
Otolemur crassicaudatus,-379.0716413313008,53.72946343931475,73.75491
Daubentonia madagascariensis,-485.9305640109338,-996.0297738109174,73.7549
Avahi laniger,-428.2894559257972,-2055.9217728371204,73.75487
Propithecus verreauxi,-1432.0047808930492,-676.3651654573595,73.75488999999999
Propithecus coquereli,-1387.195903157691,-306.6232298382672,73.75488999999999
Propithecus tattersalli,-1393.8222311052118,-378.9565812843945,73.75488999999999
Propithecus edwardsi,-1278.4099212310125,-592.8458106512423,73.75488999999999
Propithecus diadema,-1275.0661446933684,-660.339147971319,73.75488999999999
Indri indri,-905.295788029247,-813.7092039425432,73.75485
Palaeopropithecus ingens,-1129.5672805341612,-228.935631630321,73.75489999999999
Phaner electromontis,-2003.2047975631056,542.4919712672184,73.75489999999999
Phaner pallescens,-1935.9879470704652,507.323543183266,73.75489999999999
Phaner parienti,-2039.9543672997213,591.8439639892488,73.75489999999999
Cheirogaleus crossleyi,-1677.2072683085994,-200.28450371644348,73.75486000000001
Cheirogaleus major,-1617.3874018232625,-102.65879232006225,73.75486000000001
Cheirogaleus medius,-1737.822941094246,-588.9869510163328,73.75486000000001
Cheirogaleus sibreei,-1939.8075684137184,-983.5000272239456,73.7549
Mirza coquereli,-2042.1147899941052,210.1700889447016,73.75486000000001
Mirza zaza,-1967.28015641393,152.64472561576375,73.75486000000001
Microcebus berthae,-2155.333549135638,-338.73892780854703,73.75489999999998
Microcebus myoxinus,-2068.253399944027,-371.3804939144517,73.75489999999998
Microcebus lehilahytsara,-2160.083830778527,-406.3585514720253,73.75489999999999
Microcebus mittermeieri,-2114.391057230552,-542.574192505636,73.75489999999998
Microcebus arnholdi,-2070.7473177546385,-641.6372784498554,73.75489999999999
Microcebus sambiranensis,-2125.633479723036,-656.0742889533628,73.75489999999999
Microcebus margotmarshae,-2216.788125906428,-291.371231095619,73.75489999999998
Microcebus mamiratra,-2207.650970203988,-222.1241949360528,73.75489999999998
Microcebus rufus,-2109.199649379936,-421.5779457398485,73.75489999999999
Microcebus tanosi,-2088.852954858632,-496.4650789224666,73.75489999999999
Microcebus jollyae,-1987.1403697651936,-133.4184753523755,73.7549
Microcebus simmonsi,-2046.9529809348032,-248.90937867055777,73.7549
Microcebus tavaratra,-1998.8515905315207,-527.8591104875375,73.75489999999999
Microcebus bongolavensis,-2130.3353745335367,-67.570613989478,73.7549
Microcebus ravelobensis,-2132.239439715357,-108.027812442462,73.7549
Microcebus danfossi,-2215.1892618921565,-48.236857057118,73.7549
Microcebus griseorufus,-2152.9971020703224,86.17805266423126,73.7549
Microcebus murinus,-2180.2482996422123,141.98037991896774,73.7549
Lepilemur otto,-1238.2736349579725,-1867.2669013368568,73.75490999999998
Lepilemur edwardsi,-1369.477876352071,-1778.9267019058482,73.75490999999998
Lepilemur microdon,-1080.9777938331483,-1938.2541949228248,73.75491
Lepilemur tymerlachsoni,-1111.0170992330004,-1679.4810885447432,73.75491
Lepilemur milanoii,-1274.5994050704874,-1644.2594877573945,73.75491
Lepilemur ankaranensis,-1165.447104725077,-1744.3838235875178,73.75491
Lepilemur sahamalazensis,-1218.94278807639,-1737.7848234077646,73.75491
Lepilemur mittermeieri,-1180.924914940328,-1653.440858464044,73.75491
Lepilemur dorsalis,-1180.9249149403267,-1653.4408584640398,73.75491
Lepilemur septentrionalis,-1384.8155383601386,-1539.1360761832566,73.75491
Lepilemur hubbardorum,-962.660375553375,-1915.849240158408,73.75491
Lepilemur ruficaudatus,-914.611293915552,-1986.5123060476585,73.75491
Lepilemur randrianasoloi,-1482.9262503982543,-1630.7821936492196,73.75491
Lepilemur aeeclis,-1427.4981839535562,-1699.9961825698128,73.75491
Lepilemur petteri,-820.6026059524582,-2048.4118941956767,73.75491
Lepilemur leucopus,-797.053038089766,-2029.312069372352,73.75491
Lepilemur betsileo,-830.0774468350811,-1723.9535439219424,73.75491
Lepilemur mustelinus,-863.9999820281727,-1675.231635464597,73.75491
Lepilemur fleuretae,-756.4423434074614,-1688.2391920700502,73.75491
Lepilemur seali,-687.5302196487078,-1964.195616417174,73.75491000000001
Lepilemur grewcocki,-1185.8721871697885,-1905.9995332183107,73.75491
Lepilemur wrighti,-692.8946337669448,-1841.516681033376,73.75491
Lepilemur ahmansoni,-1287.6148212268,-1716.6183840265444,73.75491
Lepilemur jamesi,-799.6563360786463,-1734.691875037727,73.75491
Lepilemur hollandorum,-650.290479854628,-2005.595939651717,73.75491
Lepilemur scottorum,-653.0747220323282,-1931.4972312019488,73.75491
Megaladapis edwardsi,-1169.8003116524926,-910.614813472254,73.75486
Varecia variegata variegata,-1781.3156930529822,-829.2702748302285,73.75485
Varecia rubra,-1854.419586578572,-856.0591412835624,73.75485
Varecia variegata,-1765.1369647271135,-790.6311995783789,73.75485
Prolemur simus,-1236.5360333870285,-1209.9187631490254,73.75489999999999
Hapalemur griseus,-1754.924610722299,145.27118298468125,73.75489999999999
Lemur catta,-1040.9406548685156,-1120.997554408109,73.75489999999999
Eulemur mongoz,-1771.4353746848135,-1134.390973738066,73.75492
Eulemur rubriventer,-1776.3684954045384,-1204.5463303148342,73.75492
Eulemur rufus,-1673.2779713310838,-1091.4225049254458,73.75492
Eulemur macaco macaco,-1518.2156986682835,-1126.4019386872465,73.75492
Eulemur fulvus,-1654.2206165204896,-1217.520218923962,73.75492
Eulemur fulvus mayottensis,-1654.2206165204902,-1217.5202189239649,73.75492
Eulemur macaco,-1518.21569866849,-1126.4019386863556,73.75492
Eulemur fulvus fulvus,-1654.220616520487,-1217.520218923962,73.75492
Pithecia pithecia,-319.75596526334425,1180.971463849997,73.75492
Chiropotes albinasus,-1629.0563939936803,1046.1621990293434,73.75492
Chiropotes israelita,-1415.101820843015,1107.622922968369,73.75492
Cacajao calvus,-550.1448907894495,1310.573239928935,73.75492
Cheracebus lucifer,-514.6770185101602,1878.891038045532,73.75492000000001
Cheracebus lugens,-570.3014024350205,1764.7879960481707,73.75492000000001
Plecturocebus miltoni,-845.6478653051145,1983.8959345436265,73.75492
Plecturocebus cinerascens,-844.6423279483389,2035.5452992863532,73.75492
Plecturocebus moloch,-955.7951290938393,1925.651103491544,73.75492
Plecturocebus bernhardi,-995.3721802754922,1957.71275258538,73.75492
Plecturocebus brunneus,-759.5274348073182,2043.4001596849744,73.75492000000001
Plecturocebus cupreus,-848.1782670922585,1911.2862784576507,73.75492
Plecturocebus donacophilus,-671.2354026620446,1991.255149075097,73.75492
Plecturocebus vieirai,-947.5890291815846,1953.6886275144188,73.75492
Callicebus personatus,-611.6355811820124,2105.71713378455,73.75492
Callicebus nigrifrons,-508.583182375246,2038.8426178306083,73.75492
Aotus lemurinus,-1078.3546275513886,1529.1049585132891,73.75486999999998
Aotus griseimembra,-1114.5837898489297,1540.5124143634794,73.75486999999998
Aotus trivirgatus,-1176.041011609061,1488.578994408658,73.75486999999998
Aotus vociferans,-937.8776275464736,1525.433307393113,73.75487
Aotus nancymaae,-909.4474301578704,1457.257846596964,73.75487
Aotus azarae azarai,-1153.4259238639988,1349.0787648495757,73.75487
Aotus azarae,-1153.425923869522,1349.0787648491464,73.75487
Aotus nigriceps,-1020.2184094773442,1374.2862956878166,73.75487
Callimico goeldii,-560.115723191484,957.8996021320664,73.75496
Callithrix penicillata,-251.09971931083228,1647.0233595893503,73.75491000000001
Callithrix jacchus,-284.61213197424075,1635.8405564933032,73.75491000000001
Callithrix kuhlii,-340.0465529989788,1582.073390835174,73.75491000000001
Callithrix geoffroyi,-335.0412418406348,1665.6713756861975,73.75491000000001
Callithrix pygmaea,-1546.8387099175584,1048.3040026579076,73.75491000000001
Leontopithecus chrysopygus,-1811.6594026872965,1029.3325152085386,73.75488
Leontopithecus rosalia,108.587006028329,2166.170615637024,73.75488
Saguinus leucopus,-169.9826786353275,1312.8441461771513,73.75492
Saguinus midas,-328.7855604360677,824.8854763482051,73.75492000000001
Saguinus oedipus,-232.10896648659173,848.856444687415,73.75492000000001
Saguinus geoffroyi,-249.32228960864623,983.1947601599312,73.75492000000001
Cebus olivaceus,19.174780007258494,2078.446087280654,73.75492
Cebus kaapori,106.613593597354,2050.283994280366,73.75492
Cebus albifrons,-1.01488526392725,2107.535378271058,73.75492
Cebus apella,-178.78859611982625,2125.6491122209864,73.75492
Sapajus xanthosternos,-110.90186515651726,2070.7955869594325,73.75492000000001
Sapajus flavius,-153.38671090231298,2142.9133377709604,73.75492000000001
Sapajus apella macrocephalus,-166.95908849232077,2120.3498793819463,73.75492000000001
Sapajus libidinosus,-155.00115222127525,2126.8588133788453,73.75492000000001
Sapajus nigritus,-214.31279039623976,2058.987025437678,73.75492000000001
Sapajus apella,-126.17051271910624,1893.8025540070005,73.75492000000001
Saimiri oerstedii oerstedii,-1733.3281921537548,1351.833013882716,73.75492
Saimiri oerstedii citrinellus,-1718.4354638130671,1358.7521181244635,73.75492
Saimiri boliviensis boliviensis,-1631.8302805459552,1452.5323723548645,73.75492
Saimiri boliviensis peruviensis,-1599.4242335879194,1497.593536079522,73.75492
Saimiri boliviensis,-1625.239379059631,1465.2735336074882,73.75492
Saimiri sciureus,-1643.907482096047,1442.5317640091866,73.75492
Saimiri sciureus macrodon,-1580.819100354056,1554.81793434878,73.75492
Saimiri sciureus sciureus,-1689.8220707244964,1437.3582545999348,73.75492
Saimiri oerstedii,-1702.9781170709275,1368.875805592692,73.75492
Ateles paniscus,-1069.7833480082204,992.9661903390612,73.75492
Ateles hybridus,-890.9884240984251,1070.989943516522,73.75491999999998
Ateles belzebuth,-953.177977814501,1054.259420565078,73.75491999999998
Ateles fusciceps,-977.6561537807348,1043.7785022653825,73.75491999999998
Ateles geoffroyi,-1114.760484672076,1052.8424386597665,73.75492
Brachyteles arachnoides,-1361.955283054045,951.1389345470805,73.75491999999998
Lagothrix lagotricha,-490.38205271639,1451.2133653534004,73.75491999999998
Alouatta seniculus,-1237.258202744728,1710.1919515971967,73.75497
Alouatta caraya,-1273.233141293861,1765.8876694471576,73.75497
Alouatta guariba clamitans,-1142.397801568568,1744.0090306169943,73.75496999999999
Hoolock hoolock,1105.850850165863,1719.4835698013592,73.75496
Hoolock leuconedys,1103.7037724278066,1772.684791533678,73.75496
Hoolock leuconedys x Hoolock tianxing,1108.938987112224,1809.813040448419,73.75496
Hoolock tianxing,1108.938987112222,1809.8130404484189,73.75496
Symphalangus syndactylus,1004.2907768109918,1588.999554023156,73.75496
Hylobates pileatus,1235.989967677032,1730.735419428802,73.75495999999998
Hylobates lar,798.3952748960581,1937.3982276661736,73.75495999999998
Hylobates agilis,795.1284661522146,1879.8823410675984,73.75495999999998
Hylobates muelleri,890.8254449036599,1921.499902418169,73.75495999999998
Hylobates moloch,929.4660776658566,1883.827390516512,73.75495999999998
Hylobates klossii,917.9937414333352,1783.9959514223854,73.75495999999998
Nomascus leucogenys,1167.3484410681865,1551.9776369873546,73.75496
Nomascus siki,1194.31890315908,1563.4237192062917,73.75496
Nomascus gabriellae,1285.7633117455086,1634.3353203597055,73.75496
Nomascus concolor,1284.24396897922,1580.821044599642,73.75496
Gorilla gorilla gorilla,397.7590287362912,896.083033650504,73.75492
Gorilla beringei graueri,434.85078388871096,1038.295113414642,73.75492
Gorilla gorilla,393.418974482534,877.6472385905487,73.75492
Gorilla beringei,434.85078391107777,1038.2951135336614,73.75492
Homo denisova,568.9137836133986,1693.3087015978629,73.75492
Homo neanderthalensis,536.7010870399173,1251.9278778633573,73.75492
Homo sapiens,523.9449027264188,1527.6202644216537,73.75492
Pan paniscus,700.6781130994162,1600.153538244924,73.75492
Pan troglodytes troglodytes,680.1741120143084,1445.49354193231,73.75492000000001
Pan troglodytes schweinfurthii,684.793093470065,1485.690621855519,73.75492000000001
Pan troglodytes ellioti,749.1966380195378,1416.761299793444,73.75492
Pan troglodytes verus,729.2119130325946,1375.6004978297772,73.75492
Pan troglodytes,728.671011754469,1381.7018686279837,73.75492
Pongo pygmaeus,709.7459923950262,895.4516602705608,73.75492
Pongo abelii,575.2869483140499,617.6762195246338,73.75492
Chlorocebus cynosuros,1621.7151270767845,-380.5553481449882,73.75491999999998
Chlorocebus tantalus,1580.6928302831072,-570.890708268155,73.75491999999998
Chlorocebus aethiops,1590.920859363572,-501.33947964002414,73.75491999999998
Chlorocebus pygerythrus,1611.0750349268362,-462.49123242077576,73.75491999999998
Chlorocebus sabaeus,1582.790622178578,-708.732049039686,73.75491999999998
Chlorocebus aethiops x Chlorocebus pygerythrus,1524.612957850468,-295.138240275444,73.75491999999998
Chlorocebus djamdjamensis,1647.3807662890135,-784.2920352856088,73.75491999999998
Cercopithecus campbelli,1068.8888777622371,-346.8969186399447,73.75491999999998
Erythrocebus patas,1282.988702613263,-138.04387745967878,73.75492
Cercopithecus preussi insularis,1543.0211213459536,-1552.3164042979186,73.75492
Cercopithecus albogularis kolbi,1943.0089840014653,-398.998145068869,73.75492
Cercopithecus pogonias schwarzianus,1094.088385790541,-709.8797261815514,73.75492
Cercopithecus pogonias pogonias,1143.9872713055538,-615.9932019120815,73.75492
Cercopithecus mitis opisthostictus,1944.1167195639007,-882.3440896528859,73.75492
Cercopithecus mitis boutourlinii,2069.769483825586,-392.471987336714,73.75492
Cercopithecus cephus,1571.4558964692835,-1392.091953746943,73.75492
Cercopithecus pogonias nigripes,1126.7372785136383,-530.8425254820987,73.75492
Cercopithecus wolfi,1270.9674882948975,-882.1233659227372,73.75492
Cercopithecus petaurista,1469.9034609308844,-1466.945988717962,73.75492
Cercopithecus albogularis moloneyi,2001.506929725004,-473.0449601733495,73.75492
Cercopithecus nictitans martini,1189.8776665130524,-904.252518429156,73.75492
Cercopithecus mitis mitis,2069.1347665761155,-621.3688205403565,73.75492
Cercopithecus erythrogaster,1397.7840006095182,-1528.818836387052,73.75492
Cercopithecus mitis heymansi,1975.193243217876,-688.9099758343492,73.75492
Cercopithecus albogularis,2039.3061500323035,-501.3208289540405,73.75492
Cercopithecus lhoesti,1689.2827565007565,-1357.095123658057,73.75492
Cercopithecus nictitans,1858.9751149998967,-823.4102233996987,73.75492
Cercopithecus doggetti,1926.5325165147924,-642.3581332927382,73.75492
Cercopithecus cephus ngottoensis,1686.1169847586402,-1238.182349518054,73.75492
Cercopithecus mitis,2001.1391238330489,-505.59165834777184,73.75492
Cercopithecus ascanius,1500.705558682664,-1326.5421851549197,73.75492
Cercopithecus mitis stuhlmanni,1946.495476718888,-752.1399256716752,73.75492
Cercopithecus pogonias,1174.4629762633358,-701.4123243275234,73.75492
Cercopithecus albogularis albotorquatus,2062.768416262049,-459.32105590054783,73.75492
Allochrocebus lhoesti,1693.0985316708093,-1344.693465536746,73.75492
Cercopithecus erythrogaster pococki,1369.2779100386304,-1469.264598594298,73.75491999999998
Cercopithecus erythrotis erythrotis,1721.7221947841167,-1178.3398049223483,73.75491999999998
Cercopithecus erythrotis camerunensis,1632.5559466676823,-1166.330784573352,73.75491999999998
Cercopithecus ascanius schmidti,1500.558307086705,-1267.4549742082518,73.75492
Cercopithecus ascanius katangae,1452.351113791239,-1284.395457349167,73.75492
Cercopithecus ascanius ascanius,1488.9436216642405,-1200.7793999308697,73.75492
Cercopithecus petaurista petaurista,1419.9297967261327,-1399.5330759186545,73.75491999999998
Cercopithecus nictitans nictitans,1865.8905151229028,-909.2930725619658,73.75491999999998
Cercopithecus kandti,1922.188430323592,-620.2118689943948,73.75491999999998
Cercopithecus diana,1048.97155911985,-2.630985543383745,73.75491999999998
Cercopithecus roloway,2066.484178520904,-179.85605638035375,73.75491999999998
Cercopithecus mona,1245.190679317338,-514.653968004681,73.75491999999998
Cercopithecus denti,1218.534679980152,-845.2211846314609,73.75491999999998
Cercopithecus neglectus,1286.4195043135758,-1662.5277801285283,73.75491999999997
Cercopithecus hamlyni,2078.842983756795,-832.7028826881275,73.75491999999998
Miopithecus talapoin,755.974522621096,-171.46491884335197,73.75491999999998
Miopithecus ogouensis,719.4957254114921,-119.86266490100274,73.75491999999998
Allenopithecus nigroviridis,1349.2459919670812,48.08583250519551,73.75491999999998
Rungwecebus kipunji,1717.9935691347332,1018.622382752576,73.75491999999998
Papio kindae,1766.20350857544,1219.9642429493276,73.75491999999998
Papio papio,1808.0383270600528,1179.2325762168634,73.75491999999998
Papio ursinus,1763.5326284205437,1104.102806992904,73.75491999999998
Papio cynocephalus,1718.082610676396,1155.678875071566,73.75491999999998
Papio hamadryas,1706.526493978606,1247.523941564676,73.75491999999997
Papio anubis,1710.5588792620797,1205.5460854060784,73.75491999999997
Theropithecus gelada,1587.30970270711,1112.292038274796,73.75491999999997
Lophocebus aterrimus,1846.5932628760047,936.0804364834744,73.75491999999998
Lophocebus albigena,1730.866707456149,845.6865899201495,73.75491999999998
Mandrillus sphinx,1077.6637760396934,504.2354348988245,73.75491999999998
Mandrillus leucophaeus,1154.2302573552458,597.018128234257,73.75491999999998
Cercocebus agilis,1155.6544065735425,693.9490178478865,73.75491999999998
Cercocebus chrysogaster,1155.6544065735504,693.949017847892,73.75491999999998
Cercocebus atys atys,1271.3068963845092,888.6795654731992,73.75491999999998
Cercocebus torquatus,1309.1849226238671,1022.6014825245404,73.75491999999998
Cercocebus atys,1330.670203905001,792.1652434257277,73.75491999999998
Macaca sylvanus,1372.944872961619,407.6291440650213,73.75491999999998
Macaca thibetana,2136.097178052264,238.522249030094,73.75491999999998
Macaca assamensis,2151.909219407991,166.57875362178777,73.75491999999998
Macaca sinica,2129.5769539124467,497.5561095308863,73.75492
Macaca radiata,2065.685414540396,547.799168883299,73.75491999999998
Macaca leucogenys,2099.6359700474964,360.4307281981325,73.75491999999998
Macaca arctoides,1572.3830893835266,325.63927798983195,73.75491999999998
Macaca mulatta vestita,1863.5912535349728,559.6173303432595,73.75491999999997
Macaca mulatta brevicaudus,1915.2528709171609,201.195025545386,73.75491999999997
Macaca mulatta lasiotus,1886.6827467094704,330.824637955751,73.75491999999997
Macaca cyclopis,1951.5073651763264,380.540480323242,73.75491999999998
Macaca fuscata,1879.629707723181,469.6571664789493,73.75491999999997
Macaca fascicularis aureus,2066.43600446331,219.6582299308765,73.75491999999997
Macaca silenus,2002.978224898479,676.6175292858535,73.75491999999998
Macaca nemestrina,1686.6339073769911,370.9478376224128,73.75491999999998
Macaca leonina,1919.4729224581977,735.3568424837019,73.75491999999998
Macaca nigra,1743.9124651424002,458.4310069246745,73.75492
Macaca tonkeana,1970.7052416340248,800.7811416406482,73.75492
Macaca maura,1637.8763657656968,694.2134745014639,73.75492
Macaca mulatta,1822.5993824925208,396.88065449458674,73.75491999999998
Macaca fascicularis,1800.172704837496,220.4953499321635,73.75491999999998
Semnopithecus entellus,825.6113840633456,-1635.7650810005823,73.75492
Trachypithecus johnii,800.313034051279,-1786.5857447250637,73.75492
Trachypithecus auratus,254.8647214509525,-1157.6565709433294,73.75492
Trachypithecus vetulus,550.9280367927582,-1717.8975151485502,73.75492
Trachypithecus phayrei phayrei,312.467500686398,-1578.4941737416775,73.75492000000001
Trachypithecus barbei,420.88104567034526,-1496.134105668969,73.75492000000001
Trachypithecus obscurus,491.9922415955072,-1444.171918972508,73.75492000000001
Trachypithecus cristatus,398.35474303830927,-1184.009139103168,73.75492000000001
Trachypithecus mauritius,230.48496223313424,-1101.242392327265,73.75492000000001
Trachypithecus germaini,355.67414913943026,-1078.827194421428,73.75492000000001
Trachypithecus francoisi,373.166506492526,-1327.9811453480854,73.75492
Trachypithecus poliocephalus,324.2097103398932,-1386.327027685772,73.75492
Trachypithecus delacouri,222.6974669835068,-1433.5524712616182,73.75492
Trachypithecus hatinhensis,206.98255908355003,-1350.9198044362176,73.75492
Trachypithecus phayrei crepuscula,521.3481139183363,-1268.2567465807508,73.75492
Trachypithecus pileatus,412.7507020233002,-965.070711308699,73.75492
Trachypithecus shortridgei,341.30031326531645,-911.8967935447404,73.75492
Presbytis comata comata,584.6969383766777,-2040.547996771456,73.75492
Presbytis femoralis femoralis,576.1299443086684,-1916.179318612535,73.75492
Presbytis melalophos,674.039324222212,-1905.542324971448,73.75492
Presbytis melalophos mitrata,675.1473092029752,-2026.3164200114893,73.75492
Simias concolor,150.37909408049475,-1879.6138524851503,73.75492
Nasalis larvatus,251.855985044669,-2017.4531833239664,73.75492
Pygathrix nigripes,908.5372604199114,-1887.8602475856344,73.75491999999998
Pygathrix nemaeus,904.9525676088246,-1770.747128868529,73.75491999999998
Rhinopithecus avunculus,400.8233738432995,-1889.5780029937391,73.75491999999998
Rhinopithecus brelichi,363.28853977303777,-1907.988409998395,73.75491999999998
Rhinopithecus roxellana,298.5962191257845,-1859.8640886688572,73.75491999999998
Rhinopithecus strykeri,651.481185333261,-1737.0949206511991,73.75491999999998
Rhinopithecus bieti,666.8055804863487,-1675.4414204097957,73.75491999999998
Procolobus verus,292.7249061316373,-578.4199987880032,73.75492
Piliocolobus badius,78.40524181247275,-1649.2169082368584,73.75492
Colobus satanas,352.8324226402275,-147.32624311417527,73.75491999999998
Colobus angolensis palliatus,380.334315744257,-2119.6967603846906,73.75491999999998
Colobus polykomos,163.23847598992302,-2051.1660606192,73.75491999999998
Colobus guereza,290.9824451022105,-301.4043173201848,73.75491999999998
Tarsius dentatus,-929.3877509107996,-408.8799323102382,73.75496999999999
Tarsius lariang,-1002.1185495598731,-380.8039326819983,73.75497
Tarsius wallacei,-886.9713139473397,-559.9957908092329,73.75497
Tarsius syrichta,-1565.77119076683,414.04152351883454,73.75496999999999
Tarsius bancanus,-687.3622656351013,-1038.92473266945,73.75496999999999
Carlito syrichta,-1555.5502853020864,404.6630124352215,73.75492
Cephalopachus bancanus,-687.3622319477957,-1038.9248993374283,73.75492
Allocebus trichotis,-2072.93170277435,381.1941759449315,73.75491540624971
